﻿<?xml version="1.0" encoding="utf-8"?>
<PredefinedFields>
    <Field>
        <Title>First Name</Title>
        <HelpText></HelpText>
        <InputType>open-text</InputType>
        <DefaultValue></DefaultValue>
        <AddOnInit>true</AddOnInit>
        <IsRequired>true</IsRequired>
        <Localization></Localization>
    </Field>
    <Field>
        <Title>Last Name</Title>
        <HelpText></HelpText>
        <InputType>open-text</InputType>
        <DefaultValue></DefaultValue>
        <AddOnInit>true</AddOnInit>
        <IsRequired>true</IsRequired>
        <Localization></Localization>
    </Field>
    <Field>
        <Title>Email</Title>
        <HelpText></HelpText>
        <InputType>open-email</InputType>
        <DefaultValue></DefaultValue>
        <AddOnInit>true</AddOnInit>
        <IsRequired>true</IsRequired>
        <Localization></Localization>
    </Field>
    <Field>
        <Title>Website</Title>
        <HelpText></HelpText>
        <InputType>open-text</InputType>
        <DefaultValue></DefaultValue>
        <AddOnInit>false</AddOnInit>
        <IsRequired>true</IsRequired>
        <Localization></Localization>
    </Field>
    <Field>
        <Title>Phone</Title>
        <HelpText></HelpText>
        <InputType>open-text</InputType>
        <DefaultValue></DefaultValue>
        <AddOnInit>true</AddOnInit>
        <IsRequired>false</IsRequired>
        <Localization></Localization>
    </Field>
    <Field>
        <Title>Cell</Title>
        <HelpText></HelpText>
        <InputType>open-text</InputType>
        <DefaultValue></DefaultValue>
        <AddOnInit>false</AddOnInit>
        <IsRequired>true</IsRequired>
        <Localization></Localization>
    </Field>
    <Field>
        <Title>IM</Title>
        <HelpText></HelpText>
        <InputType>open-text</InputType>
        <DefaultValue></DefaultValue>
        <AddOnInit>false</AddOnInit>
        <IsRequired>false</IsRequired>
        <Localization></Localization>
    </Field>
    <Field>
        <Title>Unit</Title>
        <HelpText></HelpText>
        <InputType>open-text</InputType>
        <DefaultValue></DefaultValue>
        <AddOnInit>false</AddOnInit>
        <IsRequired>false</IsRequired>
        <Localization></Localization>
    </Field>
    <Field>
        <Title>Street</Title>
        <HelpText></HelpText>
        <InputType>open-text</InputType>
        <DefaultValue></DefaultValue>
        <AddOnInit>false</AddOnInit>
        <IsRequired>false</IsRequired>
        <Localization></Localization>
    </Field>
    <Field>
        <Title>City</Title>
        <HelpText></HelpText>
        <InputType>open-text</InputType>
        <DefaultValue></DefaultValue>
        <AddOnInit>false</AddOnInit>
        <IsRequired>false</IsRequired>
        <Localization></Localization>
    </Field>
    <Field>
        <Title>Country</Title>
        <HelpText></HelpText>
        <InputType>address-country</InputType>
        <DefaultValue></DefaultValue>
        <AddOnInit>false</AddOnInit>
        <IsRequired>false</IsRequired>
        <Localization></Localization>
    </Field>
	<Field>
        <Title>Region</Title>
        <HelpText></HelpText>
        <InputType>address-region</InputType>
        <DefaultValue></DefaultValue>
        <AddOnInit>false</AddOnInit>
        <IsRequired>false</IsRequired>
        <Localization></Localization>
    </Field>
    <Field>
        <Title>Postal Code</Title>
        <HelpText></HelpText>
        <InputType>open-text</InputType>
        <DefaultValue></DefaultValue>
        <AddOnInit>false</AddOnInit>
        <IsRequired>false</IsRequired>
        <Localization></Localization>
    </Field>
    <Field>
        <Title>Company</Title>
        <HelpText></HelpText>
        <InputType>open-text</InputType>
        <DefaultValue></DefaultValue>
        <AddOnInit>true</AddOnInit>
        <IsRequired>false</IsRequired>
        <Localization></Localization>
    </Field>
	
	<Field>
        <Title>Username</Title>
        <HelpText></HelpText>
        <InputType>open-username</InputType>
        <DefaultValue></DefaultValue>
        <AddOnInit>false</AddOnInit>
        <IsRequired>true</IsRequired>
        <Localization></Localization>
    </Field>
	<Field>
        <Title>Password</Title>
        <HelpText></HelpText>
        <InputType>open-password</InputType>
        <DefaultValue></DefaultValue>
        <AddOnInit>false</AddOnInit>
        <IsRequired>true</IsRequired>
        <Localization></Localization>
    </Field>
	
</PredefinedFields>
